group,controller,a_major,b_major,distance,first,winner,rounds,a_hp,b_hp
core,legacy,ignite,quick,0,0,0,5,61,0
core,legacy,ignite,quick,0,1,0,8,78,0
core,legacy,ignite,quick,1,0,0,6,55,0
core,legacy,ignite,quick,1,1,0,5,84,0
core,legacy,ignite,quick,2,0,0,7,128,0
core,legacy,ignite,quick,2,1,1,5,0,61
core,legacy,ignite,heavy,0,0,0,4,78,0
core,legacy,ignite,heavy,0,1,1,5,0,61
core,legacy,ignite,heavy,1,0,0,9,32,0
core,legacy,ignite,heavy,1,1,1,5,0,60
core,legacy,ignite,heavy,2,0,0,8,53,0
core,legacy,ignite,heavy,2,1,1,5,0,32
core,legacy,sustain,quick,0,0,0,8,4,0
core,legacy,sustain,quick,0,1,0,5,23,0
core,legacy,sustain,quick,1,0,0,16,52,0
core,legacy,sustain,quick,1,1,0,7,91,0
core,legacy,sustain,quick,2,0,0,12,91,0
core,legacy,sustain,quick,2,1,1,6,0,37
core,legacy,sustain,heavy,0,0,0,11,16,0
core,legacy,sustain,heavy,0,1,1,5,0,86
core,legacy,sustain,heavy,1,0,0,9,18,0
core,legacy,sustain,heavy,1,1,0,8,61,0
core,legacy,sustain,heavy,2,0,0,7,64,0
core,legacy,sustain,heavy,2,1,0,8,22,0
mirror,legacy,ignite,ignite,0,0,0,6,47,0
mirror,legacy,ignite,ignite,0,1,1,6,0,47
mirror,legacy,ignite,ignite,1,0,0,10,10,0
mirror,legacy,ignite,ignite,1,1,1,10,0,10
mirror,legacy,ignite,ignite,2,0,0,10,63,0
mirror,legacy,ignite,ignite,2,1,1,10,0,63
mirror,legacy,sustain,sustain,0,0,1,11,0,53
mirror,legacy,sustain,sustain,0,1,0,11,53,0
mirror,legacy,sustain,sustain,1,0,1,10,0,34
mirror,legacy,sustain,sustain,1,1,0,10,34,0
mirror,legacy,sustain,sustain,2,0,0,12,8,0
mirror,legacy,sustain,sustain,2,1,1,12,0,8
mirror,legacy,quick,quick,0,0,0,5,53,0
mirror,legacy,quick,quick,0,1,1,5,0,53
mirror,legacy,quick,quick,1,0,1,6,0,86
mirror,legacy,quick,quick,1,1,0,6,86,0
mirror,legacy,quick,quick,2,0,1,8,0,106
mirror,legacy,quick,quick,2,1,0,8,106,0
mirror,legacy,heavy,heavy,0,0,1,7,0,115
mirror,legacy,heavy,heavy,0,1,0,7,115,0
mirror,legacy,heavy,heavy,1,0,1,6,0,28
mirror,legacy,heavy,heavy,1,1,0,6,28,0
mirror,legacy,heavy,heavy,2,0,0,10,52,0
mirror,legacy,heavy,heavy,2,1,1,10,0,52
core,immediate,ignite,quick,0,0,1,3,0,15
core,immediate,ignite,quick,0,1,1,3,0,56
core,immediate,ignite,quick,1,0,1,3,0,15
core,immediate,ignite,quick,1,1,1,3,0,56
core,immediate,ignite,quick,2,0,0,4,33,0
core,immediate,ignite,quick,2,1,1,3,0,56
core,immediate,ignite,heavy,0,0,1,3,0,15
core,immediate,ignite,heavy,0,1,0,3,3,0
core,immediate,ignite,heavy,1,0,1,3,0,15
core,immediate,ignite,heavy,1,1,0,3,3,0
core,immediate,ignite,heavy,2,0,1,3,0,69
core,immediate,ignite,heavy,2,1,0,3,24,0
core,immediate,sustain,quick,0,0,1,4,0,49
core,immediate,sustain,quick,0,1,1,4,0,28
core,immediate,sustain,quick,1,0,1,4,0,49
core,immediate,sustain,quick,1,1,1,4,0,28
core,immediate,sustain,quick,2,0,1,4,0,54
core,immediate,sustain,quick,2,1,1,4,0,28
core,immediate,sustain,heavy,0,0,1,4,0,49
core,immediate,sustain,heavy,0,1,1,4,0,28
core,immediate,sustain,heavy,1,0,1,4,0,49
core,immediate,sustain,heavy,1,1,1,4,0,28
core,immediate,sustain,heavy,2,0,1,4,0,54
core,immediate,sustain,heavy,2,1,0,4,3,0
mirror,immediate,ignite,ignite,0,0,0,3,27,0
mirror,immediate,ignite,ignite,0,1,1,3,0,27
mirror,immediate,ignite,ignite,1,0,0,3,27,0
mirror,immediate,ignite,ignite,1,1,1,3,0,27
mirror,immediate,ignite,ignite,2,0,1,4,0,37
mirror,immediate,ignite,ignite,2,1,0,4,37,0
mirror,immediate,sustain,sustain,0,0,1,5,0,35
mirror,immediate,sustain,sustain,0,1,0,5,35,0
mirror,immediate,sustain,sustain,1,0,1,5,0,35
mirror,immediate,sustain,sustain,1,1,0,5,35,0
mirror,immediate,sustain,sustain,2,0,1,5,0,40
mirror,immediate,sustain,sustain,2,1,0,5,40,0
mirror,immediate,quick,quick,0,0,1,3,0,14
mirror,immediate,quick,quick,0,1,0,3,14,0
mirror,immediate,quick,quick,1,0,1,3,0,14
mirror,immediate,quick,quick,1,1,0,3,14,0
mirror,immediate,quick,quick,2,0,1,3,0,36
mirror,immediate,quick,quick,2,1,0,3,36,0
mirror,immediate,heavy,heavy,0,0,1,3,0,35
mirror,immediate,heavy,heavy,0,1,0,3,35,0
mirror,immediate,heavy,heavy,1,0,1,3,0,35
mirror,immediate,heavy,heavy,1,1,0,3,35,0
mirror,immediate,heavy,heavy,2,0,1,3,0,56
mirror,immediate,heavy,heavy,2,1,0,3,56,0
core,script,ignite,quick,0,0,0,9,115,0
core,script,ignite,quick,0,1,1,5,0,163
core,script,ignite,quick,1,0,0,7,37,0
core,script,ignite,quick,1,1,1,8,0,48
core,script,ignite,quick,2,0,1,7,0,73
core,script,ignite,quick,2,1,0,9,109,0
core,script,ignite,heavy,0,0,0,9,99,0
core,script,ignite,heavy,0,1,1,6,0,97
core,script,ignite,heavy,1,0,0,9,159,0
core,script,ignite,heavy,1,1,1,4,0,115
core,script,ignite,heavy,2,0,0,9,103,0
core,script,ignite,heavy,2,1,1,8,0,64
core,script,sustain,quick,0,0,0,11,135,0
core,script,sustain,quick,0,1,1,7,0,82
core,script,sustain,quick,1,0,0,10,90,0
core,script,sustain,quick,1,1,1,7,0,74
core,script,sustain,quick,2,0,0,12,210,0
core,script,sustain,quick,2,1,0,11,109,0
core,script,sustain,heavy,0,0,1,6,0,75
core,script,sustain,heavy,0,1,1,6,0,101
core,script,sustain,heavy,1,0,0,9,78,0
core,script,sustain,heavy,1,1,0,10,63,0
core,script,sustain,heavy,2,0,0,9,81,0
core,script,sustain,heavy,2,1,1,9,0,10
mirror,script,ignite,ignite,0,0,1,10,0,120
mirror,script,ignite,ignite,0,1,0,10,120,0
mirror,script,ignite,ignite,1,0,1,9,0,100
mirror,script,ignite,ignite,1,1,0,9,100,0
mirror,script,ignite,ignite,2,0,1,12,0,12
mirror,script,ignite,ignite,2,1,0,12,12,0
mirror,script,sustain,sustain,0,0,1,10,0,29
mirror,script,sustain,sustain,0,1,0,10,29,0
mirror,script,sustain,sustain,1,0,0,9,98,0
mirror,script,sustain,sustain,1,1,1,9,0,98
mirror,script,sustain,sustain,2,0,1,9,0,26
mirror,script,sustain,sustain,2,1,0,9,26,0
mirror,script,quick,quick,0,0,unresolved,30,55,54
mirror,script,quick,quick,0,1,unresolved,30,54,55
mirror,script,quick,quick,1,0,unresolved,30,145,32
mirror,script,quick,quick,1,1,unresolved,30,32,145
mirror,script,quick,quick,2,0,unresolved,30,171,62
mirror,script,quick,quick,2,1,unresolved,30,62,171
mirror,script,heavy,heavy,0,0,0,29,83,0
mirror,script,heavy,heavy,0,1,1,29,0,83
mirror,script,heavy,heavy,1,0,0,17,113,0
mirror,script,heavy,heavy,1,1,1,17,0,113
mirror,script,heavy,heavy,2,0,1,15,0,26
mirror,script,heavy,heavy,2,1,0,15,26,0
core,adaptive,ignite,quick,0,0,0,13,39,0
core,adaptive,ignite,quick,0,1,1,6,0,99
core,adaptive,ignite,quick,1,0,0,9,24,0
core,adaptive,ignite,quick,1,1,1,5,0,101
core,adaptive,ignite,quick,2,0,1,9,0,15
core,adaptive,ignite,quick,2,1,1,6,0,140
core,adaptive,ignite,heavy,0,0,0,10,74,0
core,adaptive,ignite,heavy,0,1,1,5,0,89
core,adaptive,ignite,heavy,1,0,1,10,0,8
core,adaptive,ignite,heavy,1,1,1,6,0,82
core,adaptive,ignite,heavy,2,0,0,13,90,0
core,adaptive,ignite,heavy,2,1,1,10,0,7
core,adaptive,sustain,quick,0,0,0,5,137,0
core,adaptive,sustain,quick,0,1,1,5,0,59
core,adaptive,sustain,quick,1,0,1,10,0,79
core,adaptive,sustain,quick,1,1,1,7,0,41
core,adaptive,sustain,quick,2,0,0,10,139,0
core,adaptive,sustain,quick,2,1,1,9,0,22
core,adaptive,sustain,heavy,0,0,0,5,133,0
core,adaptive,sustain,heavy,0,1,1,7,0,55
core,adaptive,sustain,heavy,1,0,1,9,0,58
core,adaptive,sustain,heavy,1,1,1,7,0,109
core,adaptive,sustain,heavy,2,0,0,14,69,0
core,adaptive,sustain,heavy,2,1,1,8,0,120
mirror,adaptive,ignite,ignite,0,0,0,7,73,0
mirror,adaptive,ignite,ignite,0,1,1,7,0,73
mirror,adaptive,ignite,ignite,1,0,0,8,25,0
mirror,adaptive,ignite,ignite,1,1,1,8,0,25
mirror,adaptive,ignite,ignite,2,0,0,7,28,0
mirror,adaptive,ignite,ignite,2,1,1,7,0,28
mirror,adaptive,sustain,sustain,0,0,0,6,49,0
mirror,adaptive,sustain,sustain,0,1,1,6,0,49
mirror,adaptive,sustain,sustain,1,0,1,11,0,7
mirror,adaptive,sustain,sustain,1,1,0,11,7,0
mirror,adaptive,sustain,sustain,2,0,0,11,30,0
mirror,adaptive,sustain,sustain,2,1,1,11,0,30
mirror,adaptive,quick,quick,0,0,unresolved,30,220,174
mirror,adaptive,quick,quick,0,1,unresolved,30,174,220
mirror,adaptive,quick,quick,1,0,unresolved,30,132,187
mirror,adaptive,quick,quick,1,1,unresolved,30,187,132
mirror,adaptive,quick,quick,2,0,unresolved,30,230,221
mirror,adaptive,quick,quick,2,1,unresolved,30,221,230
mirror,adaptive,heavy,heavy,0,0,unresolved,30,220,42
mirror,adaptive,heavy,heavy,0,1,unresolved,30,42,220
mirror,adaptive,heavy,heavy,1,0,unresolved,30,195,147
mirror,adaptive,heavy,heavy,1,1,unresolved,30,147,195
mirror,adaptive,heavy,heavy,2,0,unresolved,30,11,15
mirror,adaptive,heavy,heavy,2,1,unresolved,30,15,11
