流派,引燃爆发,生息消耗,快剑压制,藏锋重剑,烈焰强攻,焚灼消耗,寒凝控距,潮汐调息,灵植共生,毒藤寄生,壁垒守御,镇岳压制
引燃爆发,,50.0%,66.7%,50.0%,16.7%,16.7%,0.0%,16.7%,16.7%,16.7%,83.3%,83.3%
生息消耗,50.0%,,83.3%,83.3%,16.7%,0.0%,0.0%,0.0%,33.3%,33.3%,33.3%,33.3%
快剑压制,33.3%,16.7%,,66.7%,16.7%,16.7%,33.3%,33.3%,100.0%,83.3%,16.7%,83.3%
藏锋重剑,50.0%,16.7%,16.7%,,16.7%,16.7%,50.0%,16.7%,50.0%,83.3%,16.7%,0.0%
烈焰强攻,83.3%,83.3%,83.3%,83.3%,,16.7%,0.0%,33.3%,100.0%,100.0%,100.0%,100.0%
焚灼消耗,83.3%,100.0%,83.3%,83.3%,83.3%,,50.0%,83.3%,100.0%,100.0%,100.0%,100.0%
寒凝控距,100.0%,100.0%,16.7%,0.0%,100.0%,50.0%,,66.7%,100.0%,100.0%,16.7%,16.7%
潮汐调息,83.3%,100.0%,66.7%,83.3%,66.7%,16.7%,33.3%,,83.3%,16.7%,0.0%,0.0%
灵植共生,83.3%,66.7%,0.0%,0.0%,0.0%,0.0%,0.0%,16.7%,,50.0%,50.0%,100.0%
毒藤寄生,83.3%,66.7%,0.0%,0.0%,0.0%,0.0%,0.0%,83.3%,50.0%,,100.0%,100.0%
壁垒守御,16.7%,66.7%,33.3%,0.0%,0.0%,0.0%,83.3%,16.7%,0.0%,0.0%,,50.0%
镇岳压制,16.7%,66.7%,0.0%,0.0%,0.0%,0.0%,83.3%,16.7%,0.0%,0.0%,33.3%,
